{
  "ExtendedData": {
    "inputs": [
      "https://services.soft2print.com/Organization_API_V4.asmx"
    ],
    "collectionTypes": [
      "System.Array",
      "System.Collections.Generic.Dictionary`2"
    ],
    "namespaceMappings": [
      "*, Soft2Print"
    ],
    "references": [
      "AdvancedStringBuilder, {AdvancedStringBuilder, 0.1.0}",
      "Autofac, {Autofac, 6.0.0}",
      "Autofac.Extensions.DependencyInjection, {Autofac.Extensions.DependencyInjection, 7.2.0}",
      "AutoMapper, {AutoMapper, 10.1.1}",
      "AutoMapper.Extensions.Microsoft.DependencyInjection, {AutoMapper.Extensions.Microsoft.DependencyInjection, 8.1.1}",
      "Azure.Core, {Azure.Core, 1.20.0}",
      "Azure.Extensions.AspNetCore.DataProtection.Blobs, {Azure.Extensions.AspNetCore.DataProtection.Blobs, 1.2.1}",
      "Azure.Extensions.AspNetCore.DataProtection.Keys, {Azure.Extensions.AspNetCore.DataProtection.Keys, 1.1.0}",
      "Azure.Identity, {Azure.Identity, 1.5.0}",
      "Azure.Security.KeyVault.Keys, {Azure.Security.KeyVault.Keys, 4.2.0}",
      "Azure.Storage.Blobs, {Azure.Storage.Blobs, 12.10.0}",
      "Azure.Storage.Common, {Azure.Storage.Common, 12.9.0}",
      "BouncyCastle.Crypto, {BouncyCastle.NetCore, 1.8.5}",
      "ClosedXML, {ClosedXML, 0.95.4}",
      "DocumentFormat.OpenXml, {DocumentFormat.OpenXml, 2.7.2}",
      "ExcelNumberFormat, {ExcelNumberFormat, 1.0.10}",
      "FluentMigrator, {FluentMigrator, 3.3.1}",
      "FluentMigrator.Abstractions, {FluentMigrator.Abstractions, 3.3.1}",
      "FluentMigrator.Extensions.Oracle, {FluentMigrator.Extensions.Oracle, 3.3.1}",
      "FluentMigrator.Extensions.Postgres, {FluentMigrator.Extensions.Postgres, 3.3.1}",
      "FluentMigrator.Extensions.SqlAnywhere, {FluentMigrator.Extensions.SqlAnywhere, 3.3.1}",
      "FluentMigrator.Extensions.SqlServer, {FluentMigrator.Extensions.SqlServer, 3.3.1}",
      "FluentMigrator.Runner, {FluentMigrator.Runner, 3.3.1}",
      "FluentMigrator.Runner.Core, {FluentMigrator.Runner.Core, 3.3.1}",
      "FluentMigrator.Runner.Db2, {FluentMigrator.Runner.Db2, 3.3.1}",
      "FluentMigrator.Runner.Firebird, {FluentMigrator.Runner.Firebird, 3.3.1}",
      "FluentMigrator.Runner.Hana, {FluentMigrator.Runner.Hana, 3.3.1}",
      "FluentMigrator.Runner.MySql, {FluentMigrator.Runner.MySql, 3.3.1}",
      "FluentMigrator.Runner.Oracle, {FluentMigrator.Runner.Oracle, 3.3.1}",
      "FluentMigrator.Runner.Postgres, {FluentMigrator.Runner.Postgres, 3.3.1}",
      "FluentMigrator.Runner.Redshift, {FluentMigrator.Runner.Redshift, 3.3.1}",
      "FluentMigrator.Runner.SqlAnywhere, {FluentMigrator.Runner.SqlAnywhere, 3.3.1}",
      "FluentMigrator.Runner.SQLite, {FluentMigrator.Runner.SQLite, 3.3.1}",
      "FluentMigrator.Runner.SqlServer, {FluentMigrator.Runner.SqlServer, 3.3.1}",
      "FluentMigrator.Runner.SqlServerCe, {FluentMigrator.Runner.SqlServerCe, 3.3.1}",
      "FluentValidation, {FluentValidation, 10.3.6}",
      "FluentValidation.AspNetCore, {FluentValidation.AspNetCore, 10.3.6}",
      "FluentValidation.DependencyInjectionExtensions, {FluentValidation.DependencyInjectionExtensions, 10.3.6}",
      "FubarCoder.RestSharp.Portable.Core, {FubarCoder.RestSharp.Portable.Core, 4.0.8}",
      "FubarCoder.RestSharp.Portable.HttpClient, {FubarCoder.RestSharp.Portable.HttpClient, 4.0.8}",
      "Google.Protobuf, {Google.Protobuf, 3.14.0}",
      "Humanizer, {Humanizer.Core, 2.13.14}",
      "iTextSharp.LGPLv2.Core, {iTextSharp.LGPLv2.Core, 1.7.0}",
      "JsonSubTypes, {JsonSubTypes, 1.2.0}",
      "K4os.Compression.LZ4, {K4os.Compression.LZ4, 1.2.6}",
      "K4os.Compression.LZ4.Streams, {K4os.Compression.LZ4.Streams, 1.2.6}",
      "K4os.Hash.xxHash, {K4os.Hash.xxHash, 1.0.6}",
      "linq2db, {linq2db, 3.6.0}",
      "MailKit, {MailKit, 2.15.0}",
      "MaxMind.Db, {MaxMind.Db, 3.0.0}",
      "MaxMind.GeoIP2, {MaxMind.GeoIP2, 4.1.0}",
      "Microsoft.AspNetCore.Cryptography.Internal, {Microsoft.AspNetCore.Cryptography.Internal, 2.1.0}",
      "Microsoft.AspNetCore.DataProtection, {Microsoft.AspNetCore.DataProtection, 2.1.0}",
      "Microsoft.AspNetCore.DataProtection.Abstractions, {Microsoft.AspNetCore.DataProtection.Abstractions, 2.1.0}",
      "Microsoft.AspNetCore.Hosting.Abstractions, {Microsoft.AspNetCore.Hosting.Abstractions, 2.1.0}",
      "Microsoft.AspNetCore.Hosting.Server.Abstractions, {Microsoft.AspNetCore.Hosting.Server.Abstractions, 2.1.0}",
      "Microsoft.AspNetCore.Http.Abstractions, {Microsoft.AspNetCore.Http.Abstractions, 2.1.0}",
      "Microsoft.AspNetCore.Http.Features, {Microsoft.AspNetCore.Http.Features, 2.1.0}",
      "Microsoft.AspNetCore.JsonPatch, {Microsoft.AspNetCore.JsonPatch, 6.0.1}",
      "Microsoft.AspNetCore.Mvc.NewtonsoftJson, {Microsoft.AspNetCore.Mvc.NewtonsoftJson, 6.0.1}",
      "Microsoft.AspNetCore.Mvc.Razor.Extensions, {Microsoft.AspNetCore.Mvc.Razor.Extensions, 6.0.1}",
      "Microsoft.AspNetCore.Mvc.Razor.RuntimeCompilation, {Microsoft.AspNetCore.Mvc.Razor.RuntimeCompilation, 6.0.1}",
      "Microsoft.AspNetCore.Razor.Language, {Microsoft.AspNetCore.Razor.Language, 6.0.1}",
      "Microsoft.Azure.Services.AppAuthentication, {Microsoft.Azure.Services.AppAuthentication, 1.6.2}",
      "Microsoft.Bcl.AsyncInterfaces, {Microsoft.Bcl.AsyncInterfaces, 5.0.0}",
      "Microsoft.CodeAnalysis, {Microsoft.CodeAnalysis.Common, 4.0.0}",
      "Microsoft.CodeAnalysis.CSharp, {Microsoft.CodeAnalysis.CSharp, 4.0.0}",
      "Microsoft.CodeAnalysis.Razor, {Microsoft.CodeAnalysis.Razor, 6.0.1}",
      "Microsoft.Data.SqlClient, {Microsoft.Data.SqlClient, 4.0.0}",
      "Microsoft.Extensions.Caching.Abstractions, {Microsoft.Extensions.Caching.Abstractions, 6.0.0}",
      "Microsoft.Extensions.Caching.SqlServer, {Microsoft.Extensions.Caching.SqlServer, 6.0.1}",
      "Microsoft.Extensions.Caching.StackExchangeRedis, {Microsoft.Extensions.Caching.StackExchangeRedis, 6.0.1}",
      "Microsoft.Extensions.Configuration.Abstractions, {Microsoft.Extensions.Configuration.Abstractions, 2.1.0}",
      "Microsoft.Extensions.DependencyInjection, {Microsoft.Extensions.DependencyInjection, 2.0.0}",
      "Microsoft.Extensions.DependencyInjection.Abstractions, {Microsoft.Extensions.DependencyInjection.Abstractions, 6.0.0}",
      "Microsoft.Extensions.DependencyModel, {Microsoft.Extensions.DependencyModel, 6.0.0}",
      "Microsoft.Extensions.FileProviders.Abstractions, {Microsoft.Extensions.FileProviders.Abstractions, 2.1.0}",
      "Microsoft.Extensions.Hosting.Abstractions, {Microsoft.Extensions.Hosting.Abstractions, 2.1.0}",
      "Microsoft.Extensions.Logging, {Microsoft.Extensions.Logging, 2.0.1}",
      "Microsoft.Extensions.Logging.Abstractions, {Microsoft.Extensions.Logging.Abstractions, 2.1.0}",
      "Microsoft.Extensions.ObjectPool, {Microsoft.Extensions.ObjectPool, 5.0.10}",
      "Microsoft.Extensions.Options, {Microsoft.Extensions.Options, 6.0.0}",
      "Microsoft.Extensions.Primitives, {Microsoft.Extensions.Primitives, 6.0.0}",
      "Microsoft.Identity.Client, {Microsoft.Identity.Client, 4.30.1}",
      "Microsoft.Identity.Client.Extensions.Msal, {Microsoft.Identity.Client.Extensions.Msal, 2.18.4}",
      "Microsoft.IdentityModel.Clients.ActiveDirectory, {Microsoft.IdentityModel.Clients.ActiveDirectory, 5.2.9}",
      "Microsoft.IdentityModel.JsonWebTokens, {Microsoft.IdentityModel.JsonWebTokens, 6.8.0}",
      "Microsoft.IdentityModel.Logging, {Microsoft.IdentityModel.Logging, 6.8.0}",
      "Microsoft.IdentityModel.Protocols, {Microsoft.IdentityModel.Protocols, 6.8.0}",
      "Microsoft.IdentityModel.Protocols.OpenIdConnect, {Microsoft.IdentityModel.Protocols.OpenIdConnect, 6.8.0}",
      "Microsoft.IdentityModel.Tokens, {Microsoft.IdentityModel.Tokens, 6.8.0}",
      "Microsoft.Win32.Primitives, {Microsoft.Win32.Primitives, 4.3.0}",
      "Microsoft.Win32.Registry, {Microsoft.Win32.Registry, 5.0.0}",
      "MimeKit, {MimeKit, 2.15.0}",
      "MiniProfiler.AspNetCore, {MiniProfiler.AspNetCore, 4.2.22}",
      "MiniProfiler.AspNetCore.Mvc, {MiniProfiler.AspNetCore.Mvc, 4.2.22}",
      "MiniProfiler.Shared, {MiniProfiler.Shared, 4.2.22}",
      "MySql.Data, {MySql.Data, 8.0.27}",
      "Newtonsoft.Json, {Newtonsoft.Json, 13.0.1}",
      "Newtonsoft.Json.Bson, {Newtonsoft.Json.Bson, 1.0.2}",
      "Nito.AsyncEx.Coordination, {Nito.AsyncEx.Coordination, 5.1.2}",
      "Nito.AsyncEx.Tasks, {Nito.AsyncEx.Tasks, 5.1.2}",
      "Nito.Collections.Deque, {Nito.Collections.Deque, 1.1.1}",
      "Nito.Disposables, {Nito.Disposables, 2.2.1}",
      "Npgsql, {Npgsql, 6.0.1}",
      "NUglify, {NUglify, 1.16.1}",
      "Pipelines.Sockets.Unofficial, {Pipelines.Sockets.Unofficial, 2.2.0}",
      "sib_api_v3_sdk, {sib_api_v3_sdk, 3.1.0}",
      "SkiaSharp, {SkiaSharp, 2.80.3}",
      "StackExchange.Redis, {StackExchange.Redis, 2.2.4}",
      "System.AppContext, {System.AppContext, 4.3.0}",
      "System.Collections, {System.Collections, 4.3.0}",
      "System.Collections.Concurrent, {System.Collections.Concurrent, 4.3.0}",
      "System.Collections.Immutable, {System.Collections.Immutable, 5.0.0}",
      "System.Collections.NonGeneric, {System.Collections.NonGeneric, 4.3.0}",
      "System.ComponentModel, {System.ComponentModel, 4.3.0}",
      "System.ComponentModel.Annotations, {System.ComponentModel.Annotations, 4.7.0}",
      "System.ComponentModel.Primitives, {System.ComponentModel.Primitives, 4.3.0}",
      "System.ComponentModel.TypeConverter, {System.ComponentModel.TypeConverter, 4.3.0}",
      "System.Configuration.ConfigurationManager, {System.Configuration.ConfigurationManager, 5.0.0}",
      "System.Console, {System.Console, 4.3.0}",
      "System.Data.Common, {System.Data.Common, 4.3.0}",
      "System.Data.SqlServerCe, {FluentMigrator.Runner.SqlServerCe, 3.3.1}",
      "System.Diagnostics.Debug, {System.Diagnostics.Debug, 4.3.0}",
      "System.Diagnostics.DiagnosticSource, {System.Diagnostics.DiagnosticSource, 5.0.0}",
      "System.Diagnostics.PerformanceCounter, {System.Diagnostics.PerformanceCounter, 5.0.0}",
      "System.Diagnostics.Process, {System.Diagnostics.Process, 4.3.0}",
      "System.Diagnostics.StackTrace, {System.Diagnostics.StackTrace, 4.3.0}",
      "System.Diagnostics.Tools, {System.Diagnostics.Tools, 4.3.0}",
      "System.Diagnostics.Tracing, {System.Diagnostics.Tracing, 4.3.0}",
      "System.Drawing.Common, {System.Drawing.Common, 5.0.0}",
      "System.Dynamic.Runtime, {System.Dynamic.Runtime, 4.3.0}",
      "System.Globalization, {System.Globalization, 4.3.0}",
      "System.Globalization.Calendars, {System.Globalization.Calendars, 4.3.0}",
      "System.IdentityModel.Tokens.Jwt, {System.IdentityModel.Tokens.Jwt, 6.8.0}",
      "System.IO, {System.IO, 4.3.0}",
      "System.IO.Compression, {System.IO.Compression, 4.3.0}",
      "System.IO.Compression.ZipFile, {System.IO.Compression.ZipFile, 4.3.0}",
      "System.IO.FileSystem, {System.IO.FileSystem, 4.3.0}",
      "System.IO.FileSystem.AccessControl, {System.IO.FileSystem.AccessControl, 5.0.0}",
      "System.IO.FileSystem.Primitives, {System.IO.FileSystem.Primitives, 4.3.0}",
      "System.IO.Packaging, {System.IO.Packaging, 4.0.0}",
      "System.IO.Pipelines, {System.IO.Pipelines, 5.0.0}",
      "System.Linq, {System.Linq, 4.3.0}",
      "System.Linq.Async, {System.Linq.Async, 5.1.0}",
      "System.Linq.Dynamic.Core, {System.Linq.Dynamic.Core, 1.2.14}",
      "System.Linq.Expressions, {System.Linq.Expressions, 4.3.0}",
      "System.Memory.Data, {System.Memory.Data, 1.0.2}",
      "System.Net.Http, {System.Net.Http, 4.3.4}",
      "System.Net.NameResolution, {System.Net.NameResolution, 4.3.0}",
      "System.Net.Primitives, {System.Net.Primitives, 4.3.0}",
      "System.Net.Requests, {System.Net.Requests, 4.3.0}",
      "System.Net.Sockets, {System.Net.Sockets, 4.3.0}",
      "System.Net.WebHeaderCollection, {System.Net.WebHeaderCollection, 4.3.0}",
      "System.ObjectModel, {System.ObjectModel, 4.3.0}",
      "System.Reflection, {System.Reflection, 4.3.0}",
      "System.Reflection.DispatchProxy, {System.Reflection.DispatchProxy, 4.7.1}",
      "System.Reflection.Emit.ILGeneration, {System.Reflection.Emit.ILGeneration, 4.3.0}",
      "System.Reflection.Emit.Lightweight, {System.Reflection.Emit.Lightweight, 4.3.0}",
      "System.Reflection.Extensions, {System.Reflection.Extensions, 4.3.0}",
      "System.Reflection.Metadata, {System.Reflection.Metadata, 5.0.0}",
      "System.Reflection.Primitives, {System.Reflection.Primitives, 4.3.0}",
      "System.Resources.ResourceManager, {System.Resources.ResourceManager, 4.3.0}",
      "System.Runtime, {System.Runtime, 4.3.0}",
      "System.Runtime.CompilerServices.Unsafe, {System.Runtime.CompilerServices.Unsafe, 6.0.0}",
      "System.Runtime.Extensions, {System.Runtime.Extensions, 4.3.0}",
      "System.Runtime.Handles, {System.Runtime.Handles, 4.3.0}",
      "System.Runtime.InteropServices, {System.Runtime.InteropServices, 4.3.0}",
      "System.Runtime.InteropServices.RuntimeInformation, {System.Runtime.InteropServices.RuntimeInformation, 4.3.0}",
      "System.Runtime.Loader, {System.Runtime.Loader, 4.3.0}",
      "System.Runtime.Numerics, {System.Runtime.Numerics, 4.3.0}",
      "System.Runtime.Serialization.Formatters, {System.Runtime.Serialization.Formatters, 4.3.0}",
      "System.Runtime.Serialization.Json, {System.Runtime.Serialization.Json, 4.3.0}",
      "System.Runtime.Serialization.Primitives, {System.Runtime.Serialization.Primitives, 4.3.0}",
      "System.Runtime.Serialization.Xml, {System.Runtime.Serialization.Xml, 4.1.1}",
      "System.Security.AccessControl, {System.Security.AccessControl, 5.0.0}",
      "System.Security.Cryptography.Algorithms, {System.Security.Cryptography.Algorithms, 4.3.1}",
      "System.Security.Cryptography.Cng, {System.Security.Cryptography.Cng, 5.0.0}",
      "System.Security.Cryptography.Encoding, {System.Security.Cryptography.Encoding, 4.3.0}",
      "System.Security.Cryptography.Pkcs, {System.Security.Cryptography.Pkcs, 5.0.0}",
      "System.Security.Cryptography.Primitives, {System.Security.Cryptography.Primitives, 4.3.0}",
      "System.Security.Cryptography.ProtectedData, {System.Security.Cryptography.ProtectedData, 5.0.0}",
      "System.Security.Cryptography.X509Certificates, {System.Security.Cryptography.X509Certificates, 4.3.0}",
      "System.Security.Cryptography.Xml, {System.Security.Cryptography.Xml, 5.0.0}",
      "System.Security.Permissions, {System.Security.Permissions, 5.0.0}",
      "System.Security.Principal.Windows, {System.Security.Principal.Windows, 5.0.0}",
      "System.Security.SecureString, {System.Security.SecureString, 4.3.0}",
      "System.ServiceModel, {System.ServiceModel.Primitives, 4.9.0}",
      "System.ServiceModel.Http, {System.ServiceModel.Http, 4.9.0}",
      "System.ServiceModel.Primitives, {System.ServiceModel.Primitives, 4.9.0}",
      "System.Text.Encoding, {System.Text.Encoding, 4.3.0}",
      "System.Text.Encoding.CodePages, {System.Text.Encoding.CodePages, 5.0.0}",
      "System.Text.Encoding.Extensions, {System.Text.Encoding.Extensions, 4.3.0}",
      "System.Text.Encodings.Web, {System.Text.Encodings.Web, 6.0.0}",
      "System.Text.Json, {System.Text.Json, 6.0.0}",
      "System.Text.RegularExpressions, {System.Text.RegularExpressions, 4.3.0}",
      "System.Threading, {System.Threading, 4.3.0}",
      "System.Threading.Tasks, {System.Threading.Tasks, 4.3.0}",
      "System.Threading.Tasks.Parallel, {System.Threading.Tasks.Parallel, 4.3.0}",
      "System.Threading.Timer, {System.Threading.Timer, 4.3.0}",
      "System.Windows.Extensions, {System.Windows.Extensions, 5.0.0}",
      "System.Xml.ReaderWriter, {System.Xml.ReaderWriter, 4.3.1}",
      "System.Xml.XDocument, {System.Xml.XDocument, 4.3.0}",
      "System.Xml.XmlDocument, {System.Xml.XmlDocument, 4.3.0}",
      "Ubiety.Dns.Core, {MySql.Data, 8.0.27}",
      "WebMarkupMin.AspNet.Common, {WebMarkupMin.AspNet.Common, 2.10.0}",
      "WebMarkupMin.AspNetCore6, {WebMarkupMin.AspNetCore6, 2.11.0}",
      "WebMarkupMin.Core, {WebMarkupMin.Core, 2.9.0}",
      "WebMarkupMin.NUglify, {WebMarkupMin.NUglify, 2.11.0}",
      "WebOptimizer.Core, {LigerShark.WebOptimizer.Core, 3.0.344}",
      "ZstdNet, {MySql.Data, 8.0.27}"
    ],
    "targetFramework": "net6.0",
    "typeReuseMode": "All"
  }
}